{
  "weights": {
    "crowding": 0.1730307161481866,
    "catalyst": 0.4338174819873479,
    "momentum": 0.07990315741694268,
    "volatility": 0.15256696118688579,
    "sentiment": 0.16068168326063711
  },
  "feature_stats": {
    "crowding": {
      "min": 42.0,
      "max": 82.0,
      "mean": 66.625
    },
    "catalyst": {
      "min": 0.4,
      "max": 1.0
    },
    "momentum": {
      "min": -3.2,
      "max": 8.5
    },
    "volatility": {
      "min": 4.8,
      "max": 12.3
    },
    "sentiment": {
      "min": -20,
      "max": 70
    }
  },
  "training_accuracy": 87.5,
  "is_trained": true
}