{
  "weights": {
    "crowding": 0.29737534913225094,
    "catalyst": 0.3774598781594074,
    "momentum": 0.14400005570155708,
    "volatility": 0.13542889280498113,
    "sentiment": 0.04573582420180351
  },
  "feature_stats": {
    "crowding": {
      "min": 42.0,
      "max": 88.0,
      "mean": 68.66666666666667
    },
    "catalyst": {
      "min": 0.4,
      "max": 1.0
    },
    "momentum": {
      "min": -3.2,
      "max": 10.2
    },
    "volatility": {
      "min": 2.8,
      "max": 15.2
    },
    "sentiment": {
      "min": -20,
      "max": 80
    }
  },
  "is_trained": true,
  "training_accuracy": 90.0
}